×¢Òô,ººÓïÆ´Òô
¨Ú,a
¨Þ,ai
¨â,an
¨ä,ang
¨à,ao
¨Å¨Ú,ba
¨Å¨Þ,bai
¨Å¨â,ban
¨Å¨ä,bang
¨Å¨à,bao
¨Å¨ß,bei
¨Å¨ã,ben
¨Å¨å,beng
¨Å¨ç,bi
¨Å¨ç¨â,bian
¨Å¨ç¨à,biao
¨Å¨ç¨Ý,bie
¨Å¨ç¨ã,bin
¨Å¨ç¨å,bing
¨Å¨Û,bo
¨Å¨è,bu
¨Ø¨Ú,ca
¨Ø¨Þ,cai
¨Ø¨â,can
¨Ø¨ä,cang
¨Ø¨à,cao
¨Ø¨Ü,ce
¨Ø¨ã,cen
¨Ø¨å,ceng
¨Ô¨Ú,cha
¨Ô¨Þ,chai
¨Ô¨â,chan
¨Ô¨ä,chang
¨Ô¨à,chao
¨Ô¨Ü,che
¨Ô¨ã,chen
¨Ô¨å,cheng
¨Ô,chi
¨Ô¨è¨å,chong
¨Ô¨á,chou
¨Ô¨è,chu
¨Ô¨è¨Ú,chua
¨Ô¨è¨Þ,chuai
¨Ô¨è¨â,chuan
¨Ô¨è¨ä,chuang
¨Ô¨è¨ß,chui
¨Ô¨è¨ã,chun
¨Ô¨è¨Û,chuo
¨Ñ¨ç,qi
¨Ñ¨ç¨Ú,qia
¨Ñ¨ç¨â,qian
¨Ñ¨ç¨ä,qiang
¨Ñ¨ç¨à,qiao
¨Ñ¨ç¨Ý,qie
¨Ø,ci
¨Ñ¨ç¨ã,qin
¨Ñ¨ç¨å,qing
¨Ñ¨ç¨á,qiu
¨Ø¨è¨å,cong
¨Ø¨á,cou
¨Ø¨è,cu
¨Ø¨è¨â,cuan
¨Ø¨è¨ß,cui
¨Ø¨è¨ã,cun
¨Ø¨è¨Û,cuo
¨Ñ¨é¨å,qiong
¨Ñ¨é,qu
¨Ñ¨é¨â,quan
¨Ñ¨é¨Ý,que
¨Ñ¨é¨ã,qun
¨É¨Ú,da
¨É¨Þ,dai
¨É¨â,dan
¨É¨ä,dang
¨É¨à,dao
¨É¨Ü,de
¨É¨ß,dei
¨É¨ã,den
¨É¨å,deng
¨É¨ç,di
¨É¨ç¨â,dian
¨É¨ç¨ä,diang
¨É¨ç¨à,diao
¨É¨ç¨Ý,die
¨É¨ç¨å,ding
¨É¨ç¨á,diu
¨É¨è¨å,dong
¨É¨á,dou
¨É¨è,du
¨É¨è¨â,duan
¨É¨è¨ß,dui
¨É¨è¨ã,dun
¨É¨è¨Û,duo
¨Ü,e
¨Ý,e
¨ß,ei
¨ã,en
¨å,eng
¨æ,er
¨È¨Ú,fa
¨È¨â,fan
¨È¨ä,fang
¨È¨ß,fei
¨È¨ã,fen
¨È¨Û,fo
¨È¨å,feng
¨È¨á,fou
¨È¨è,fu
¨Í¨Ú,ga
¨Í¨Þ,gai
¨Í¨â,gan
¨Í¨ä,gang
¨Í¨à,gao
¨Í¨Ü,ge
¨Í¨ß,gei
¨Í¨ã,gen
¨Í¨å,geng
¨Í¨è¨å,gong
¨Í¨á,gou
¨Í¨è,gu
¨Í¨è¨Ú,gua
¨Í¨è¨Þ,guai
¨Í¨è¨â,guan
¨Í¨è¨ä,guang
¨Í¨è¨ß,gui
¨Í¨è¨ã,gun
¨Í¨è¨Û,guo
¨Ï¨Ú,ha
¨Ï¨Þ,hai
¨Ï¨â,han
¨Ï¨ä,hang
¨Ï¨à,hao
¨Ï¨Ü,he
¨Ï¨ß,hei
¨Ï¨ã,hen
¨Ï¨å,heng
¨Ï¨è¨å,hong
¨Ï¨á,hou
¨Ï¨è,hu
¨Ï¨è¨Ú,hua
¨Ï¨è¨Þ,huai
¨Ï¨è¨â,huan
¨Ï¨è¨ä,huang
¨Ï¨è¨ß,hui
¨Ï¨è¨ã,hun
¨Ï¨è¨Û,huo
¨Ó¨Ú,zha
¨Ó¨Þ,zhai
¨Ó¨â,zhan
¨Ó¨ä,zhang
¨Ó¨à,zhao
¨Ó¨Ü,zhe
¨Ó¨ß,zhei
¨Ó¨ã,zhen
¨Ó¨å,zheng
¨Ó,zhi
¨Ó¨è¨å,zhong
¨Ó¨á,zhou
¨Ó¨è,zhu
¨Ó¨è¨Ú,zhua
¨Ó¨è¨Þ,zhuai
¨Ó¨è¨â,zhuan
¨Ó¨è¨ä,zhuang
¨Ó¨è¨ß,zhui
¨Ó¨è¨ã,zhun
¨Ó¨è¨Û,zhuo
¨Ð¨ç,ji
¨Ð¨ç¨Ú,jia
¨Ð¨ç¨â,jian
¨Ð¨ç¨ä,jiang
¨Ð¨ç¨à,jiao
¨Ð¨ç¨Ý,jie
¨Ð¨ç¨ã,jin
¨Ð¨ç¨å,jing
¨Ð¨ç¨á,jiu
¨Ð¨é¨â,juan
¨Ð¨é¨Ý,jue
¨Ð¨é¨ã,jun
¨Ð¨é¨å,jiong
¨Ð¨é,ju
¨Î¨Ú,ka
¨Î¨Þ,kai
¨Î¨â,kan
¨Î¨ä,kang
¨Î¨à,kao
¨Î¨Ü,ke
¨Î¨ã,ken
¨Î¨å,keng
¨Î¨è¨å,kong
¨Î¨á,kou
¨Î¨è,ku
¨Î¨è¨Ú,kua
¨Î¨è¨Þ,kuai
¨Î¨è¨â,kuan
¨Î¨è¨ä,kuang
¨Î¨è¨ß,kui
¨Î¨è¨ã,kun
¨Î¨è¨Û,kuo
¨Ì¨Ú,la
¨Ì¨Þ,lai
¨Ì¨â,lan
¨Ì¨ä,lang
¨Ì¨à,lao
¨Ì¨Ü,le
¨Ì¨ß,lei
¨Ì¨å,leng
¨Ì¨ç,li
¨Ì¨ç¨Ú,lia
¨Ì¨ç¨â,lian
¨Ì¨ç¨ä,liang
¨Ì¨ç¨à,liao
¨Ì¨ç¨Ý,lie
¨Ì¨ç¨ã,lin
¨Ì¨ç¨å,ling
¨Ì¨ç¨á,liu
¨Ì¨Û,lo
¨Ì¨è¨å,long
¨Ì¨á,lou
¨Ì¨è,lu
¨Ì¨è¨â,luan
¨Ì¨è¨ã,lun
¨Ì¨è¨Û,luo
¨Ì¨é,lU
¨Ì¨é¨â,lUan
¨Ì¨é¨Ý,lue
¨Ì¨é¨ã,lUn
¨Ç¨Ú,ma
¨Ç¨Þ,mai
¨Ç¨â,man
¨Ç¨ä,mang
¨Ç¨à,mao
¨Ç¨Ü,me
¨Ç¨ß,mei
¨Ç¨ã,men
¨Ç¨å,meng
¨Ç¨ç,mi
¨Ç¨ç¨â,mian
¨Ç¨ç¨à,miao
¨Ç¨ç¨Ý,mie
¨Ç¨ç¨ã,min
¨Ç¨ç¨å,ming
¨Ç¨ç¨á,miu
¨Ç¨Û,mo
¨Ç¨á,mou
¨Ç¨è,mu
¨Ë¨Ú,na
¨Ë¨Þ,nai
¨Ë¨â,nan
¨Ë¨ä,nang
¨Ë¨à,nao
¨Ë¨Ü,ne
¨Ë¨ß,nei
¨Ë¨ã,nen
¨Ë¨å,neng
¨Ë¨ç,ni
¨Ë¨ç¨Ú,nia
¨Ë¨ç¨â,nian
¨Ë¨ç¨ä,niang
¨Ë¨ç¨à,niao
¨Ë¨ç¨Ý,nie
¨Ë¨ç¨ã,nin
¨Ë¨ç¨å,ning
¨Ë¨ç¨á,niu
¨Ë¨è¨å,nong
¨Ë¨á,nou
¨Ë¨è,nu
¨Ë¨è¨â,nuan
¨Ë¨è¨ã,nun
¨Ë¨è¨Û,nuo
¨Ë¨é,nU
¨Ë¨é¨Ý,nue
¨Û,o
¨á,ou
¨Æ¨Ú,pa
¨Æ¨Þ,pai
¨Æ¨â,pan
¨Æ¨ä,pang
¨Æ¨à,pao
¨Æ¨ß,pei
¨Æ¨ã,pen
¨Æ¨å,peng
¨Æ¨ç,pi
¨Æ¨ç¨â,pian
¨Æ¨ç¨à,piao
¨Æ¨ç¨Ý,pie
¨Æ¨ç¨ã,pin
¨Æ¨ç¨å,ping
¨Æ¨Û,po
¨Æ¨á,pou
¨Æ¨è,pu
¨Ö¨â,ran
¨Ö¨ä,rang
¨Ö¨à,rao
¨Ö¨Ü,re
¨Ö¨ã,ren
¨Ö¨å,reng
¨Ö,ri
¨Ö¨è¨å,rong
¨Ö¨á,rou
¨Ö¨è,ru
¨Ö¨è¨â,ruan
¨Ö¨è¨ß,rui
¨Ö¨è¨ã,run
¨Ö¨è¨Û,ruo
¨Ù¨Ú,sa
¨Ù¨Þ,sai
¨Ù¨â,san
¨Ù¨ä,sang
¨Ù¨à,sao
¨Ù¨Ü,se
¨Ù¨ß,sei
¨Ù¨ã,sen
¨Ù¨å,seng
¨Õ¨Ú,sha
¨Õ¨Þ,shai
¨Õ¨â,shan
¨Õ¨ä,shang
¨Õ¨à,shao
¨Õ¨Ü,she
¨Õ¨ß,shei
¨Õ¨ã,shen
¨Õ¨å,sheng
¨Õ,shi
¨Õ¨è¨å,shong
¨Õ¨á,shou
¨Õ¨è,shu
¨Õ¨è¨Ú,shua
¨Õ¨è¨Þ,shuai
¨Õ¨è¨â,shuan
¨Õ¨è¨ä,shuang
¨Õ¨è¨ß,shui
¨Õ¨è¨ã,shun
¨Õ¨è¨Û,shuo
¨Ò¨ç,xi
¨Ò¨ç¨Ú,xia
¨Ò¨ç¨â,xian
¨Ò¨ç¨ä,xiang
¨Ò¨ç¨à,xiao
¨Ò¨ç¨Ý,xie
¨Ù,si
¨Ò¨ç¨ã,xin
¨Ò¨ç¨å,xing
¨Ò¨ç¨á,xiu
¨Ù¨è¨å,song
¨Ù¨á,sou
¨Ù¨è,su
¨Ù¨è¨â,suan
¨Ù¨è¨ß,sui
¨Ù¨è¨ã,sun
¨Ù¨è¨Û,suo
¨Ò¨é¨å,xiong
¨Ò¨é,xu
¨Ò¨é¨â,xuan
¨Ò¨é¨Ý,xue
¨Ò¨é¨ã,xun
¨Ê¨Ú,ta
¨Ê¨Þ,tai
¨Ê¨â,tan
¨Ê¨ä,tang
¨Ê¨à,tao
¨Ê¨Ü,te
¨Ê¨å,teng
¨Ê¨ç,ti
¨Ê¨ç¨â,tian
¨Ê¨ç¨à,tiao
¨Ê¨ç¨Ý,tie
¨Ê¨ç¨å,ting
¨Ê¨è¨å,tong
¨Ê¨á,tou
¨Ê¨è,tu
¨Ê¨è¨â,tuan
¨Ê¨è¨ß,tui
¨Ê¨è¨ã,tun
¨Ê¨è¨Û,tuo
¨è¨Ú,wa
¨è¨Þ,wai
¨è¨â,wan
¨è¨ä,wang
¨è¨ß,wei
¨è¨ã,wen
¨è¨Û,wo
¨è¨å,weng
¨è,wu
¨ç¨Ú,ya
¨ç¨Þ,yai
¨ç¨â,yan
¨ç¨ä,yang
¨ç¨à,yao
¨ç¨Ý,ye
¨ç,yi
¨ç¨ã,yin
¨ç¨å,ying
¨ç¨Û,yo
¨é¨å,yong
¨ç¨á,you
¨é,yu
¨é¨â,yuan
¨é¨Ý,yue
¨é¨ã,yun
¨×¨Ú,za
¨×¨Þ,zai
¨×¨â,zan
¨×¨ä,zang
¨×¨à,zao
¨×¨Ü,ze
¨×¨ß,zei
¨×¨ã,zen
¨×¨å,zeng
¨×,zi
¨×¨è¨å,zong
¨×¨á,zou
¨×¨è,zu
¨×¨è¨â,zuan
¨×¨è¨ß,zui
¨×¨è¨ã,zun
¨×¨è¨Û,zuo
